{
    "Camer1Line1ROI": {
        "Rect1": [
            730,
            359,
            205,
            28
        ],
        "Rect2": [
            734,
            1012,
            181,
            28
        ]
    },
    "Camer1Line2ROI": {
        "Rect1": [
            1000,
            1350,
            32,
            137
        ],
        "Rect2": [
            1604,
            1375,
            25,
            112
        ]
    },
    "Camer1line1Direction": 0,
    "Camer1line1Threshold": 4,
    "Camer1line2Direction": 3,
    "Camer1line2Threshold": 4,
    "Camer2Line1ROI": {
        "Rect1": [
            1748,
            444,
            242,
            40
        ],
        "Rect2": [
            1797,
            957,
            210,
            28
        ]
    },
    "Camer2Line2ROI": {
        "Rect1": [
            1304,
            1280,
            24,
            246
        ],
        "Rect2": [
            1696,
            1288,
            32,
            254
        ]
    },
    "Camer2line1Direction": 1,
    "Camer2line1Threshold": 36,
    "Camer2line2Direction": 3,
    "Camer2line2Threshold": 4,
    "Camera2BoardTransforms": {
        "LeftCamera": [
            0.0045214770158251705,
            9.842282258397574e-19,
            19.512434061793517,
            3.4201792857981613e-06,
            0.00453857791225416,
            93.70235433741436
        ],
        "RightCamera": [
            0.004531722054380667,
            -6.8455015927167235e-06,
            85.99377287538448,
            2.79343644020114e-18,
            0.004531722054380668,
            93.12235649546827
        ]
    },
    "ChessboardScale": 3,
    "CornerBlockSize": 50,
    "CornerThreshold": 150000,
    "CrossMarkLength": 64,
    "CrossMarkStripWidth": 20,
    "CrossMarkThreshold": 100000,
    "RotationCenter": [
        58.552563177958646,
        36.735451948292095
    ],
    "StandardPositions": {
        "LeftCamera": [
            25.186887716654105,
            98.6219265413893
        ],
        "RightCamera": [
            90.37663949763146,
            98.66465256797582
        ]
    },
    "TranslationDirectionX": [
        -0.99973971401344,
        0.022814561672869285
    ],
    "TranslationDirectionY": [
        0.01225242386969511,
        0.9999249362373744
    ]
}
